2026-04-25_00-47-34,0,draft.go:2026-04-25_00-47-34
2026-04-25_00-47-36,0,draft.go:2026-04-25_00-47-34
2026-04-25_00-47-38,0,draft.go:2026-04-25_00-47-34
2026-04-25_00-47-41,0,draft.go:2026-04-25_00-47-34
2026-04-25_00-47-47,---,draft.go:2026-04-25_00-47-34
2026-04-25_00-48-26,0,draft.go:2026-04-25_00-47-34
2026-04-25_00-48-42,0,draft.go:2026-04-25_00-48-42
2026-04-25_00-48-47,0,draft.go:2026-04-25_00-48-47
2026-04-25_00-49-35,0,draft.go:2026-04-25_00-49-35
2026-04-25_00-49-52,0,draft.go:2026-04-25_00-49-35
2026-04-25_00-50-52,0,draft.go:2026-04-25_00-50-52
2026-04-25_00-51-05,0,draft.go:2026-04-25_00-51-05
2026-04-25_00-51-38,0,draft.go:2026-04-25_00-51-38
2026-04-25_00-52-05,0,draft.go:2026-04-25_00-52-05
2026-04-25_00-52-28,0,draft.go:2026-04-25_00-52-28
2026-04-25_00-52-37,0,draft.go:2026-04-25_00-52-37
2026-04-25_00-52-48,0,draft.go:2026-04-25_00-52-48
2026-04-25_00-53-29,0,draft.go:2026-04-25_00-53-29
2026-04-25_00-54-13,0,draft.go:2026-04-25_00-54-13
2026-04-25_00-54-22,0,draft.go:2026-04-25_00-54-13
2026-04-25_00-55-01,0,draft.go:2026-04-25_00-55-01
2026-04-25_00-55-07,0,draft.go:2026-04-25_00-55-07
2026-04-25_00-55-08,0,draft.go:2026-04-25_00-55-07
2026-04-25_00-56-59,0,draft.go:2026-04-25_00-56-59
2026-04-25_00-57-10,0,draft.go:2026-04-25_00-57-10
2026-04-25_00-58-06,100,draft.go:2026-04-25_00-58-06
2026-04-25_00-58-20,100,draft.go:2026-04-25_00-58-06
