2026-05-22_23-51-15,0,main.go:2026-05-22_23-51-15
2026-05-22_23-51-15,---,main.go:2026-05-22_23-51-15
2026-05-22_23-51-34,0,main.go:2026-05-22_23-51-34
2026-05-22_23-57-20,0,main.go:2026-05-22_23-57-20
2026-05-22_23-57-46,0,main.go:2026-05-22_23-57-46
2026-05-22_23-57-47,0,main.go:2026-05-22_23-57-46
2026-05-22_23-57-51,0,main.go:2026-05-22_23-57-46
2026-05-22_23-58-36,0,main.go:2026-05-22_23-58-36
2026-05-22_23-58-38,0,main.go:2026-05-22_23-58-36
2026-05-22_23-58-51,0,main.go:2026-05-22_23-58-51
2026-05-22_23-58-52,0,main.go:2026-05-22_23-58-51
2026-05-22_23-58-52,0,main.go:2026-05-22_23-58-51
2026-05-22_23-58-53,0,main.go:2026-05-22_23-58-51
2026-05-22_23-59-06,0,main.go:2026-05-22_23-59-06
2026-05-23_00-08-55,0,main.go:2026-05-23_00-08-55
2026-05-23_00-09-27,33,main.go:2026-05-23_00-09-27
2026-05-23_00-10-55,0,main.go:2026-05-23_00-10-55
2026-05-25_16-49-18,0,main.go:2026-05-25_16-49-18
2026-05-25_16-49-45,0,main.go:2026-05-25_16-49-18
2026-05-25_16-49-46,0,main.go:2026-05-25_16-49-18
2026-05-25_16-51-24,33,main.go:2026-05-25_16-51-24
2026-05-25_16-51-37,33,main.go:2026-05-25_16-51-37
2026-05-25_16-51-42,33,main.go:2026-05-25_16-51-42
2026-05-25_16-52-59,33,main.go:2026-05-25_16-52-59
2026-05-25_16-55-40,33,main.go:2026-05-25_16-52-59
2026-05-25_16-56-17,33,main.go:2026-05-25_16-56-17
2026-05-25_16-56-45,0,main.go:2026-05-25_16-56-45
2026-05-25_16-57-27,33,main.go:2026-05-25_16-57-27
2026-05-25_16-57-59,33,main.go:2026-05-25_16-57-27
2026-05-25_16-58-41,33,main.go:2026-05-25_16-58-41
2026-05-25_16-58-46,33,main.go:2026-05-25_16-58-46
2026-05-25_16-59-30,0,main.go:2026-05-25_16-59-30
2026-05-25_16-59-34,0,main.go:2026-05-25_16-59-34
2026-05-25_16-59-34,0,main.go:2026-05-25_16-59-34
2026-05-25_16-59-35,0,main.go:2026-05-25_16-59-35
2026-05-25_16-59-47,33,main.go:2026-05-25_16-59-47
2026-05-25_16-59-56,33,main.go:2026-05-25_16-59-56
2026-05-25_17-00-16,33,main.go:2026-05-25_17-00-16
2026-05-25_17-00-19,33,main.go:2026-05-25_17-00-16
2026-05-25_17-00-38,0,main.go:2026-05-25_17-00-38
2026-05-25_17-00-45,33,main.go:2026-05-25_17-00-45
2026-05-25_17-00-51,33,main.go:2026-05-25_17-00-51
2026-05-25_17-01-25,33,main.go:2026-05-25_17-01-25
2026-05-25_17-02-56,66,main.go:2026-05-25_17-02-56
2026-05-25_17-04-35,0,main.go:2026-05-25_17-04-35
2026-05-25_17-04-41,0,main.go:2026-05-25_17-04-35
2026-05-25_17-04-42,0,main.go:2026-05-25_17-04-35
2026-05-25_17-06-41,66,main.go:2026-05-25_17-06-41
2026-05-25_17-07-04,66,main.go:2026-05-25_17-07-04
2026-05-25_17-07-56,66,main.go:2026-05-25_17-07-56
2026-05-25_18-08-38,66,main.go:2026-05-25_18-08-38
2026-05-25_18-09-57,66,main.go:2026-05-25_18-08-38
2026-05-25_18-10-55,66,main.go:2026-05-25_18-10-55
2026-05-25_18-13-04,66,main.go:2026-05-25_18-13-04
2026-05-25_18-13-19,66,main.go:2026-05-25_18-13-19
2026-05-25_18-15-55,66,main.go:2026-05-25_18-15-55
2026-05-25_18-18-02,66,main.go:2026-05-25_18-15-55
2026-05-25_18-18-11,66,main.go:2026-05-25_18-15-55
2026-05-25_18-22-11,66,main.go:2026-05-25_18-15-55
2026-05-25_18-22-12,0,main.go:2026-05-25_18-22-12
2026-05-25_18-22-20,66,main.go:2026-05-25_18-22-20
2026-05-25_18-22-44,66,main.go:2026-05-25_18-22-44
2026-05-25_18-23-34,66,main.go:2026-05-25_18-23-34
2026-05-25_18-27-29,0,main.go:2026-05-25_18-27-29
2026-05-25_18-27-36,66,main.go:2026-05-25_18-27-36
2026-05-25_18-27-47,0,main.go:2026-05-25_18-27-47
2026-05-25_18-27-51,0,main.go:2026-05-25_18-27-51
2026-05-25_18-27-55,66,main.go:2026-05-25_18-27-51
2026-05-25_18-27-56,66,main.go:2026-05-25_18-27-51
2026-05-25_18-30-41,66,main.go:2026-05-25_18-27-51
2026-05-25_18-30-47,66,main.go:2026-05-25_18-27-51
2026-05-25_18-31-54,66,main.go:2026-05-25_18-31-54
2026-05-25_18-32-26,66,main.go:2026-05-25_18-32-26
2026-05-25_18-33-55,---,main.go:2026-05-25_18-32-26
2026-05-25_18-37-59,100,main.go:2026-05-25_18-37-59
