2026-04-25_01-20-26,0,draft.go:2026-04-25_01-20-26
2026-04-25_01-20-46,0,draft.go:2026-04-25_01-20-26
2026-04-25_01-20-46,---,draft.go:2026-04-25_01-20-26
2026-04-25_01-20-54,0,draft.go:2026-04-25_01-20-26
2026-04-25_01-29-34,0,draft.go:2026-04-25_01-29-34
2026-04-25_01-29-40,0,draft.go:2026-04-25_01-29-34
2026-04-25_01-29-40,---,draft.go:2026-04-25_01-29-34
2026-04-25_01-29-51,0,draft.go:2026-04-25_01-29-51
2026-04-25_01-31-32,5,draft.go:2026-04-25_01-31-32
2026-04-25_01-32-18,5,draft.go:2026-04-25_01-32-18
2026-04-25_01-32-53,0,draft.go:2026-04-25_01-32-53
2026-04-25_01-33-04,5,draft.go:2026-04-25_01-33-04
2026-04-25_01-33-13,5,draft.go:2026-04-25_01-33-13
2026-04-25_01-33-24,5,draft.go:2026-04-25_01-33-24
2026-04-25_01-35-23,5,draft.go:2026-04-25_01-35-23
2026-04-25_01-43-55,5,draft.go:2026-04-25_01-43-55
2026-04-25_01-44-07,10,draft.go:2026-04-25_01-44-07
2026-04-25_01-44-20,5,draft.go:2026-04-25_01-44-20
2026-04-25_01-49-13,0,draft.go:2026-04-25_01-49-13
2026-04-25_01-49-22,0,draft.go:2026-04-25_01-49-22
2026-04-25_01-49-23,0,draft.go:2026-04-25_01-49-22
2026-04-25_01-49-39,5,draft.go:2026-04-25_01-49-39
2026-04-25_01-51-09,5,draft.go:2026-04-25_01-51-09
2026-04-25_01-51-19,10,draft.go:2026-04-25_01-51-19
2026-04-25_01-51-53,0,draft.go:2026-04-25_01-51-53
2026-04-25_01-52-02,10,draft.go:2026-04-25_01-52-02
2026-04-25_01-52-50,10,draft.go:2026-04-25_01-52-50
2026-04-25_01-53-04,100,draft.go:2026-04-25_01-53-04
2026-04-25_01-57-15,100,draft.go:2026-04-25_01-53-04
2026-04-25_02-03-45,5,draft.go:2026-04-25_02-03-45
2026-04-25_02-08-34,5,draft.go:2026-04-25_02-08-34
2026-04-25_02-10-58,5,draft.go:2026-04-25_02-10-58
2026-04-25_02-11-17,5,draft.go:2026-04-25_02-11-17
2026-04-25_02-11-46,0,draft.go:2026-04-25_02-11-46
2026-04-25_02-11-48,0,draft.go:2026-04-25_02-11-46
2026-04-25_02-11-49,0,draft.go:2026-04-25_02-11-46
2026-04-25_02-11-49,0,draft.go:2026-04-25_02-11-46
2026-04-25_02-12-51,100,draft.go:2026-04-25_02-12-51
2026-04-25_02-15-57,100,draft.go:2026-04-25_02-15-57
2026-04-28_18-50-19,100,draft.go:2026-04-25_02-15-57
2026-04-28_18-52-38,100,draft.go:2026-04-25_02-15-57
