2026-03-23_23-47-47,0,shell.go:2026-03-23_23-47-47
2026-03-23_23-50-15,0,shell.go:2026-03-23_23-47-47
2026-03-23_23-50-16,0,shell.go:2026-03-23_23-47-47
2026-03-23_23-50-16,0,shell.go:2026-03-23_23-47-47
2026-03-23_23-50-17,0,shell.go:2026-03-23_23-47-47
2026-03-23_23-50-17,0,shell.go:2026-03-23_23-47-47
2026-03-23_23-50-28,0,shell.go:2026-03-23_23-47-47
2026-03-23_23-50-59,---,shell.go:2026-03-23_23-47-47
2026-03-28_23-13-56,0,shell.go:2026-03-23_23-47-47
2026-03-28_23-17-52,14,shell.go:2026-03-28_23-17-52
2026-03-28_23-18-54,14,shell.go:2026-03-28_23-18-54
2026-03-28_23-19-51,28,shell.go:2026-03-28_23-19-51
2026-03-28_23-23-20,28,shell.go:2026-03-28_23-23-20
2026-03-28_23-23-36,28,shell.go:2026-03-28_23-23-36
2026-03-28_23-24-11,28,shell.go:2026-03-28_23-24-11
2026-03-28_23-24-44,28,shell.go:2026-03-28_23-24-44
2026-03-28_23-26-03,42,shell.go:2026-03-28_23-26-03
2026-03-28_23-32-59,57,shell.go:2026-03-28_23-32-59
2026-03-28_23-39-55,57,shell.go:2026-03-28_23-39-55
2026-03-28_23-40-08,57,shell.go:2026-03-28_23-39-55
2026-03-28_23-41-34,57,shell.go:2026-03-28_23-41-34
2026-03-28_23-42-12,57,shell.go:2026-03-28_23-42-12
2026-03-28_23-42-42,71,shell.go:2026-03-28_23-42-42
2026-03-28_23-43-01,57,shell.go:2026-03-28_23-43-01
2026-03-28_23-43-44,71,shell.go:2026-03-28_23-43-44
2026-03-28_23-48-23,71,shell.go:2026-03-28_23-48-23
2026-03-28_23-53-31,85,shell.go:2026-03-28_23-53-31
2026-03-28_23-54-18,85,shell.go:2026-03-28_23-54-18
2026-03-28_23-55-56,85,shell.go:2026-03-28_23-55-56
2026-03-28_23-56-09,85,shell.go:2026-03-28_23-56-09
2026-03-28_23-56-42,85,shell.go:2026-03-28_23-56-09
2026-03-28_23-58-30,85,shell.go:2026-03-28_23-56-09
2026-03-29_00-01-23,85,shell.go:2026-03-29_00-01-23
2026-03-29_00-02-01,85,shell.go:2026-03-29_00-02-01
2026-03-29_00-02-11,85,shell.go:2026-03-29_00-02-11
2026-03-31_19-01-26,85,shell.go:2026-03-31_19-01-26
2026-03-31_19-02-33,85,shell.go:2026-03-31_19-02-33
2026-03-31_19-04-39,85,shell.go:2026-03-31_19-04-39
2026-03-31_19-05-08,100,shell.go:2026-03-31_19-05-08
2026-03-31_19-09-26,85,shell.go:2026-03-31_19-09-26
2026-03-31_19-09-27,85,shell.go:2026-03-31_19-09-26
2026-03-31_19-09-55,0,shell.go:2026-03-31_19-09-55
2026-03-31_19-09-57,85,shell.go:2026-03-31_19-09-57
2026-03-31_19-11-04,85,shell.go:2026-03-31_19-09-57
2026-03-31_19-11-10,85,shell.go:2026-03-31_19-09-57
2026-03-31_19-11-15,85,shell.go:2026-03-31_19-09-57
2026-03-31_19-11-23,85,shell.go:2026-03-31_19-09-57
2026-03-31_19-11-27,85,shell.go:2026-03-31_19-09-57
2026-03-31_19-11-30,85,shell.go:2026-03-31_19-09-57
2026-03-31_19-11-31,85,shell.go:2026-03-31_19-09-57
2026-03-31_19-11-31,85,shell.go:2026-03-31_19-09-57
2026-03-31_19-11-31,85,shell.go:2026-03-31_19-09-57
2026-03-31_19-11-32,85,shell.go:2026-03-31_19-09-57
2026-03-31_19-11-32,85,shell.go:2026-03-31_19-09-57
2026-03-31_19-11-32,85,shell.go:2026-03-31_19-09-57
2026-03-31_19-11-32,85,shell.go:2026-03-31_19-09-57
2026-03-31_19-11-33,85,shell.go:2026-03-31_19-09-57
2026-03-31_19-11-33,85,shell.go:2026-03-31_19-09-57
2026-03-31_19-11-33,85,shell.go:2026-03-31_19-09-57
2026-03-31_19-11-37,85,shell.go:2026-03-31_19-09-57
2026-04-01_17-15-04,85,shell.go:2026-04-01_17-15-04
2026-04-01_17-15-17,85,shell.go:2026-04-01_17-15-17
2026-04-01_17-17-06,85,shell.go:2026-04-01_17-17-06
2026-04-01_17-17-18,85,shell.go:2026-04-01_17-17-18
2026-04-01_17-17-48,85,shell.go:2026-04-01_17-17-48
2026-04-01_17-18-35,85,shell.go:2026-04-01_17-18-35
2026-04-01_17-18-48,85,shell.go:2026-04-01_17-18-48
2026-04-01_17-18-57,28,shell.go:2026-04-01_17-18-57
2026-04-01_17-19-15,28,shell.go:2026-04-01_17-19-15
2026-04-01_17-19-26,85,shell.go:2026-04-01_17-19-26
2026-04-01_17-19-36,85,shell.go:2026-04-01_17-19-36
2026-04-01_17-19-48,85,shell.go:2026-04-01_17-19-48
2026-04-01_17-20-10,85,shell.go:2026-04-01_17-20-10
2026-04-01_17-21-52,85,shell.go:2026-04-01_17-21-52
2026-04-01_17-22-04,100,shell.go:2026-04-01_17-22-04
2026-04-01_17-23-33,85,shell.go:2026-04-01_17-23-33
2026-04-01_17-23-41,100,shell.go:2026-04-01_17-23-41
2026-04-01_17-55-26,85,shell.go:2026-04-01_17-55-26
2026-04-01_17-56-17,85,shell.go:2026-04-01_17-56-17
2026-04-01_17-57-41,85,shell.go:2026-04-01_17-57-41
2026-04-01_17-57-52,85,shell.go:2026-04-01_17-57-52
2026-04-01_17-58-28,85,shell.go:2026-04-01_17-58-28
2026-04-01_17-58-46,28,shell.go:2026-04-01_17-58-46
2026-04-01_17-58-54,85,shell.go:2026-04-01_17-58-54
2026-04-01_17-59-36,28,shell.go:2026-04-01_17-59-36
2026-04-01_17-59-45,85,shell.go:2026-04-01_17-59-45
2026-04-01_18-00-46,85,shell.go:2026-04-01_18-00-46
2026-04-01_18-01-07,100,shell.go:2026-04-01_18-01-07
2026-04-01_18-06-26,100,shell.go:2026-04-01_18-06-26
2026-04-01_18-12-34,100,shell.go:2026-04-01_18-12-34
2026-04-01_18-15-19,0,shell.go:2026-04-01_18-15-19
2026-04-01_18-15-21,0,shell.go:2026-04-01_18-15-19
2026-04-01_18-16-07,85,shell.go:2026-04-01_18-16-07
2026-04-01_18-18-17,85,shell.go:2026-04-01_18-18-17
2026-04-01_18-18-53,85,shell.go:2026-04-01_18-18-53
2026-04-01_18-20-21,---,shell.go:2026-04-01_18-20-21
2026-04-01_18-23-11,85,shell.go:2026-04-01_18-20-21
2026-04-01_18-23-23,85,shell.go:2026-04-01_18-23-23
2026-04-01_18-23-37,85,shell.go:2026-04-01_18-23-37
2026-04-01_18-23-46,85,shell.go:2026-04-01_18-23-46
2026-04-01_18-24-08,85,shell.go:2026-04-01_18-24-08
2026-04-01_18-24-16,85,shell.go:2026-04-01_18-24-16
2026-04-01_18-25-42,42,shell.go:2026-04-01_18-25-42
2026-04-01_18-25-43,42,shell.go:2026-04-01_18-25-42
2026-04-01_18-26-33,85,shell.go:2026-04-01_18-26-33
2026-04-01_18-29-06,85,shell.go:2026-04-01_18-29-06
2026-04-01_18-29-21,85,shell.go:2026-04-01_18-29-21
2026-04-01_18-29-34,85,shell.go:2026-04-01_18-29-34
2026-04-01_18-29-46,85,shell.go:2026-04-01_18-29-46
2026-04-01_18-30-51,100,shell.go:2026-04-01_18-30-51
2026-04-01_18-31-44,---,shell.go:2026-04-01_18-30-51
2026-04-25_16-18-15,100,shell.go:2026-04-01_18-30-51
