2026-04-25_01-01-09,---,main.go:2026-04-25_01-01-09
2026-04-25_01-01-15,44,main.go:2026-04-25_01-01-09
2026-04-25_01-05-43,44,main.go:2026-04-25_01-05-43
2026-04-25_01-05-55,---,main.go:2026-04-25_01-05-43
2026-04-25_01-06-01,44,main.go:2026-04-25_01-05-43
2026-04-25_01-06-15,66,main.go:2026-04-25_01-06-15
2026-04-25_01-08-39,66,main.go:2026-04-25_01-08-39
2026-04-25_01-08-41,66,main.go:2026-04-25_01-08-39
2026-04-25_01-11-43,44,main.go:2026-04-25_01-11-43
2026-04-25_01-13-11,88,main.go:2026-04-25_01-13-11
2026-04-25_01-13-38,100,main.go:2026-04-25_01-13-38
2026-04-25_01-15-57,100,main.go:2026-04-25_01-15-57
