2026-04-26_16-57-52,14,main.go:2026-04-26_16-57-52
2026-04-26_17-10-53,0,main.go:2026-04-26_17-10-53
2026-04-26_17-11-21,0,main.go:2026-04-26_17-11-21
2026-04-26_17-12-06,0,main.go:2026-04-26_17-12-06
2026-04-26_17-14-21,0,main.go:2026-04-26_17-14-21
2026-04-26_17-14-42,100,main.go:2026-04-26_17-14-42
2026-04-26_17-16-19,100,main.go:2026-04-26_17-16-19
2026-04-26_17-19-26,0,main.go:2026-04-26_17-19-26
2026-04-26_17-19-35,100,main.go:2026-04-26_17-19-35
2026-04-26_17-20-02,100,main.go:2026-04-26_17-19-35
2026-04-26_17-22-29,100,main.go:2026-04-26_17-22-29
2026-04-26_17-25-29,100,main.go:2026-04-26_17-22-29
2026-04-26_17-25-36,---,main.go:2026-04-26_17-22-29
2026-04-26_17-27-19,100,main.go:2026-04-26_17-22-29
2026-04-26_17-32-13,100,main.go:2026-04-26_17-22-29
