2026-05-25_17-45-21,33,main.go:2026-05-25_17-45-21
2026-05-25_18-46-07,33,main.go:2026-05-25_17-45-21
2026-05-25_18-53-51,33,main.go:2026-05-25_17-45-21
2026-05-25_19-26-40,33,main.go:2026-05-25_19-26-40
2026-05-25_19-31-08,33,main.go:2026-05-25_19-26-40
2026-05-25_22-07-13,0,main.go:2026-05-25_22-07-13
2026-05-25_22-15-57,33,main.go:2026-05-25_22-15-57
2026-05-25_22-16-11,33,main.go:2026-05-25_22-16-11
2026-05-25_22-16-48,33,main.go:2026-05-25_22-16-48
2026-05-25_22-51-48,0,main.go:2026-05-25_22-51-48
2026-05-25_22-58-03,33,main.go:2026-05-25_22-58-03
2026-05-25_22-59-30,---,main.go:2026-05-25_22-59-30
2026-05-25_23-00-13,---,main.go:2026-05-25_22-59-30
2026-05-25_23-02-52,33,main.go:2026-05-25_23-02-52
2026-05-25_23-03-16,---,main.go:2026-05-25_23-02-52
2026-05-25_23-08-18,33,main.go:2026-05-25_23-08-18
2026-05-25_23-08-52,33,main.go:2026-05-25_23-08-52
2026-05-25_23-10-51,33,main.go:2026-05-25_23-10-51
2026-05-25_23-11-43,33,main.go:2026-05-25_23-10-51
2026-05-25_23-15-12,33,main.go:2026-05-25_23-15-12
2026-05-25_23-15-40,33,main.go:2026-05-25_23-15-40
2026-05-25_23-16-49,33,main.go:2026-05-25_23-16-49
2026-05-25_23-17-48,33,main.go:2026-05-25_23-17-48
2026-05-25_23-18-39,33,main.go:2026-05-25_23-18-39
2026-05-25_23-19-35,33,main.go:2026-05-25_23-19-35
2026-05-25_23-21-28,0,main.go:2026-05-25_23-21-28
2026-05-25_23-21-32,0,main.go:2026-05-25_23-21-28
2026-05-25_23-21-33,0,main.go:2026-05-25_23-21-28
2026-05-25_23-21-33,0,main.go:2026-05-25_23-21-28
2026-05-25_23-21-50,33,main.go:2026-05-25_23-21-50
2026-05-25_23-21-51,33,main.go:2026-05-25_23-21-50
2026-05-25_23-22-14,33,main.go:2026-05-25_23-21-50
2026-05-25_23-24-34,0,main.go:2026-05-25_23-24-34
2026-05-25_23-24-36,0,main.go:2026-05-25_23-24-34
2026-05-25_23-24-49,33,main.go:2026-05-25_23-24-49
2026-05-25_23-29-58,33,main.go:2026-05-25_23-29-58
2026-05-25_23-35-04,33,main.go:2026-05-25_23-35-04
2026-05-25_23-35-11,33,main.go:2026-05-25_23-35-11
2026-05-25_23-35-51,33,main.go:2026-05-25_23-35-51
