2026-05-08_02-01-22,0,main.go:2026-05-08_02-01-22
2026-05-08_02-06-46,0,main.go:2026-05-08_02-06-46
2026-05-08_02-08-30,0,main.go:2026-05-08_02-08-30
2026-05-08_02-10-48,0,main.go:2026-05-08_02-10-48
2026-05-08_02-11-17,0,main.go:2026-05-08_02-11-17
2026-05-08_02-11-23,0,main.go:2026-05-08_02-11-17
2026-05-08_02-12-45,0,main.go:2026-05-08_02-11-17
2026-05-08_02-14-13,0,main.go:2026-05-08_02-11-17
2026-05-08_02-14-20,0,main.go:2026-05-08_02-11-17
2026-05-08_02-15-45,0,main.go:2026-05-08_02-15-45
2026-05-08_02-16-09,0,main.go:2026-05-08_02-16-09
2026-05-08_02-17-10,0,main.go:2026-05-08_02-17-10
2026-05-08_02-17-35,20,main.go:2026-05-08_02-17-35
2026-05-08_02-25-38,20,main.go:2026-05-08_02-25-38
2026-05-08_02-25-42,20,main.go:2026-05-08_02-25-38
2026-05-08_02-25-42,---,main.go:2026-05-08_02-25-38
2026-05-08_02-26-07,20,main.go:2026-05-08_02-25-38
2026-05-08_02-28-31,0,main.go:2026-05-08_02-28-31
2026-05-08_02-30-39,20,main.go:2026-05-08_02-30-39
2026-05-08_02-31-21,20,main.go:2026-05-08_02-31-21
2026-05-08_02-31-21,---,main.go:2026-05-08_02-31-21
2026-05-08_02-32-01,20,main.go:2026-05-08_02-32-01
2026-05-08_02-37-15,20,main.go:2026-05-08_02-37-15
2026-05-08_02-37-47,20,main.go:2026-05-08_02-37-47
2026-05-08_02-39-51,20,main.go:2026-05-08_02-39-51
2026-05-08_02-43-18,20,main.go:2026-05-08_02-43-18
2026-05-08_02-43-29,20,main.go:2026-05-08_02-43-18
2026-05-08_02-43-29,---,main.go:2026-05-08_02-43-18
2026-05-08_02-45-13,20,main.go:2026-05-08_02-43-18
2026-05-08_02-46-41,20,main.go:2026-05-08_02-46-41
2026-05-08_18-43-11,20,main.go:2026-05-08_02-46-41
2026-05-08_18-44-58,20,main.go:2026-05-08_18-44-58
2026-05-08_18-45-54,20,main.go:2026-05-08_18-45-54
2026-05-08_18-47-35,20,main.go:2026-05-08_18-47-35
2026-05-08_18-52-52,20,main.go:2026-05-08_18-52-52
2026-05-08_18-53-30,20,main.go:2026-05-08_18-53-30
2026-05-08_18-56-19,20,main.go:2026-05-08_18-56-19
2026-05-08_18-56-42,20,main.go:2026-05-08_18-56-19
2026-05-08_18-57-15,20,main.go:2026-05-08_18-56-19
2026-05-12_16-59-05,20,main.go:2026-05-08_18-56-19
2026-05-12_17-00-25,20,main.go:2026-05-08_18-56-19
2026-05-12_17-02-40,20,main.go:2026-05-08_18-56-19
2026-05-12_17-03-08,20,main.go:2026-05-08_18-56-19
2026-05-12_17-03-41,20,main.go:2026-05-08_18-56-19
2026-05-12_17-05-32,20,main.go:2026-05-12_17-05-32
2026-05-12_17-07-10,20,main.go:2026-05-12_17-07-10
2026-05-12_17-11-04,20,main.go:2026-05-12_17-11-04
2026-05-12_18-55-19,20,main.go:2026-05-12_17-11-04
2026-05-12_18-55-22,20,main.go:2026-05-12_17-11-04
2026-05-12_19-01-30,20,main.go:2026-05-12_19-01-30
2026-05-12_19-04-26,20,main.go:2026-05-12_19-04-26
2026-05-12_19-05-43,20,main.go:2026-05-12_19-05-43
2026-05-12_19-07-52,20,main.go:2026-05-12_19-07-52
2026-05-12_19-11-03,0,main.go:2026-05-12_19-11-03
2026-05-12_19-12-01,0,main.go:2026-05-12_19-12-01
2026-05-12_19-12-10,0,main.go:2026-05-12_19-12-10
2026-05-12_19-12-12,0,main.go:2026-05-12_19-12-10
2026-05-12_19-13-08,0,main.go:2026-05-12_19-13-08
2026-05-12_19-13-44,0,main.go:2026-05-12_19-13-44
2026-05-12_19-15-01,0,main.go:2026-05-12_19-15-01
2026-05-12_19-15-34,0,main.go:2026-05-12_19-15-34
2026-05-12_19-16-05,20,main.go:2026-05-12_19-16-05
2026-05-12_19-18-41,0,main.go:2026-05-12_19-18-41
2026-05-12_19-21-12,20,main.go:2026-05-12_19-21-12
2026-05-12_19-22-17,20,main.go:2026-05-12_19-22-17
2026-05-12_19-23-00,20,main.go:2026-05-12_19-23-00
2026-05-12_19-24-14,0,main.go:2026-05-12_19-24-14
2026-05-12_19-25-32,0,main.go:2026-05-12_19-25-32
2026-05-12_19-28-46,20,main.go:2026-05-12_19-28-46
2026-05-12_19-30-47,0,main.go:2026-05-12_19-30-47
2026-05-12_19-31-59,0,main.go:2026-05-12_19-31-59
2026-05-12_19-32-37,0,main.go:2026-05-12_19-31-59
2026-05-12_19-33-48,0,main.go:2026-05-12_19-33-48
2026-05-12_19-34-46,0,main.go:2026-05-12_19-34-46
2026-05-12_19-36-21,0,main.go:2026-05-12_19-36-21
2026-05-12_19-36-29,0,main.go:2026-05-12_19-36-21
2026-05-12_19-36-56,20,main.go:2026-05-12_19-36-56
2026-05-12_19-42-42,20,main.go:2026-05-12_19-42-42
2026-05-12_19-43-32,0,main.go:2026-05-12_19-43-32
2026-05-12_19-45-40,20,main.go:2026-05-12_19-45-40
2026-05-12_19-47-13,20,main.go:2026-05-12_19-47-13
2026-05-12_19-47-24,20,main.go:2026-05-12_19-47-24
2026-05-19_18-30-19,20,main.go:2026-05-12_19-47-24
2026-05-19_18-30-31,20,main.go:2026-05-19_18-30-31
2026-05-19_18-32-03,20,main.go:2026-05-19_18-30-31
2026-05-19_18-33-57,20,main.go:2026-05-19_18-33-57
2026-05-19_18-38-35,20,main.go:2026-05-19_18-38-35
2026-05-19_18-41-00,20,main.go:2026-05-19_18-41-00
2026-05-19_18-43-18,40,main.go:2026-05-19_18-43-18
2026-05-19_18-43-56,40,main.go:2026-05-19_18-43-56
2026-05-19_18-48-21,60,main.go:2026-05-19_18-48-21
2026-05-19_18-52-51,80,main.go:2026-05-19_18-52-51
2026-05-19_18-58-30,100,main.go:2026-05-19_18-58-30
2026-05-19_18-58-50,100,main.go:2026-05-19_18-58-30
