2026-07-06_19-35-04,0,main.go:2026-07-06_19-35-04;queue.go:2026-07-06_19-35-04
2026-07-06_19-57-44,0,main.go:2026-07-06_19-57-44;queue.go:2026-07-06_19-35-04
2026-07-06_19-57-59,0,main.go:2026-07-06_19-57-44;queue.go:2026-07-06_19-35-04
2026-07-06_20-05-27,0,main.go:2026-07-06_20-05-27;queue.go:2026-07-06_19-35-04
2026-07-06_20-10-31,0,main.go:2026-07-06_20-10-31;queue.go:2026-07-06_19-35-04
2026-07-06_20-10-47,0,main.go:2026-07-06_20-10-47;queue.go:2026-07-06_19-35-04
2026-07-06_20-11-14,0,main.go:2026-07-06_20-10-47;queue.go:2026-07-06_19-35-04
2026-07-06_20-11-45,---,main.go:2026-07-06_20-10-47;queue.go:2026-07-06_19-35-04
2026-07-06_20-13-31,0,main.go:2026-07-06_20-10-47;queue.go:2026-07-06_19-35-04
2026-07-06_20-16-21,0,main.go:2026-07-06_20-16-21;queue.go:2026-07-06_19-35-04
2026-07-06_20-17-55,0,main.go:2026-07-06_20-17-55;queue.go:2026-07-06_19-35-04
2026-07-06_20-18-21,0,main.go:2026-07-06_20-18-21;queue.go:2026-07-06_19-35-04
2026-07-06_20-19-04,0,main.go:2026-07-06_20-19-04;queue.go:2026-07-06_19-35-04
2026-07-06_20-24-33,0,main.go:2026-07-06_20-19-04;queue.go:2026-07-06_19-35-04
2026-07-06_20-26-20,0,main.go:2026-07-06_20-26-20;queue.go:2026-07-06_19-35-04
2026-07-06_20-29-55,0,main.go:2026-07-06_20-26-20;queue.go:2026-07-06_19-35-04
2026-07-06_20-32-35,0,main.go:2026-07-06_20-26-20;queue.go:2026-07-06_19-35-04
2026-07-06_20-35-13,0,main.go:2026-07-06_20-26-20;queue.go:2026-07-06_19-35-04
2026-07-06_20-46-30,0,main.go:2026-07-06_20-46-30;queue.go:2026-07-06_19-35-04
2026-07-06_20-48-46,0,main.go:2026-07-06_20-48-46;queue.go:2026-07-06_19-35-04
2026-07-06_20-49-54,100,main.go:2026-07-06_20-49-54;queue.go:2026-07-06_19-35-04
2026-07-06_20-50-21,100,main.go:2026-07-06_20-49-54;queue.go:2026-07-06_19-35-04
2026-07-06_20-54-37,100,main.go:2026-07-06_20-49-54;queue.go:2026-07-06_19-35-04
