2026-04-30_17-56-15,18,main.go:2026-04-30_17-56-15
2026-04-30_18-04-02,27,main.go:2026-04-30_18-04-02
2026-04-30_18-12-39,63,main.go:2026-04-30_18-12-39
2026-04-30_18-15-39,63,main.go:2026-04-30_18-12-39
2026-04-30_18-18-58,63,main.go:2026-04-30_18-18-58
2026-04-30_18-19-26,63,main.go:2026-04-30_18-19-26
2026-04-30_18-20-37,63,main.go:2026-04-30_18-20-37
2026-04-30_18-21-15,63,main.go:2026-04-30_18-21-15
2026-04-30_18-21-19,63,main.go:2026-04-30_18-21-15
2026-04-30_18-21-21,63,main.go:2026-04-30_18-21-15
2026-04-30_18-21-53,63,main.go:2026-04-30_18-21-53
2026-04-30_18-21-57,18,main.go:2026-04-30_18-21-53
2026-04-30_18-26-08,100,main.go:2026-04-30_18-26-08
2026-04-30_18-26-12,---,main.go:2026-04-30_18-26-08
2026-04-30_18-26-20,100,main.go:2026-04-30_18-26-08
2026-04-30_18-26-51,100,main.go:2026-04-30_18-26-51
2026-04-30_18-33-18,0,main.go:2026-04-30_18-33-18
2026-04-30_18-33-19,0,main.go:2026-04-30_18-33-18
2026-04-30_18-38-10,100,main.go:2026-04-30_18-38-10
2026-04-30_18-43-51,0,main.go:2026-04-30_18-43-51
2026-04-30_18-45-35,0,main.go:2026-04-30_18-45-35
2026-04-30_18-45-35,0,main.go:2026-04-30_18-45-35
2026-04-30_18-45-36,0,main.go:2026-04-30_18-45-36
2026-04-30_18-45-37,0,main.go:2026-04-30_18-45-36
2026-04-30_18-45-37,0,main.go:2026-04-30_18-45-36
2026-04-30_18-45-37,0,main.go:2026-04-30_18-45-36
2026-04-30_18-45-37,0,main.go:2026-04-30_18-45-36
2026-04-30_18-47-07,100,main.go:2026-04-30_18-47-07
2026-04-30_18-47-41,100,main.go:2026-04-30_18-47-07
